task,data,boot,AUROC,AUPRC
ICU,Radiom,0,0.7135637137946074,0.2121669429132303
ICU,Radiom,1,0.6865764620866661,0.2722413250125962
ICU,Radiom,2,0.7367002100379322,0.2796237665166338
ICU,Radiom,3,0.7341554344708919,0.36471377571930597
ICU,Radiom,4,0.7132346723044397,0.23215852344455104
ICU,Radiom,5,0.767392051614268,0.29236923155851796
ICU,Radiom,6,0.7593798449612403,0.3346396907950619
ICU,Radiom,7,0.7102125453602903,0.2748465695479864
ICU,Radiom,8,0.691042921326833,0.2596809347349801
ICU,Radiom,9,0.6697316289153024,0.30729280446556
ICU,Radiom,10,0.7323401817140051,0.26725720353016014
ICU,Radiom,11,0.737738901810092,0.3293483553996829
ICU,Radiom,12,0.7196127009808879,0.2529638353108088
ICU,Radiom,13,0.7847050908275398,0.40921930907368764
ICU,Radiom,14,0.7571952757711271,0.24363535996491437
ICU,Radiom,15,0.724081016717361,0.3346531849748968
ICU,Radiom,16,0.6970560303893638,0.2575819407171582
ICU,Radiom,17,0.6746159630465141,0.25467236324479
ICU,Radiom,18,0.7621892990641456,0.34654496407879587
ICU,Radiom,19,0.7002231971061341,0.22851936489979366
ICU,Radiom,20,0.6823076923076923,0.26033530501389146
ICU,Radiom,21,0.7119563900666264,0.3769712700814077
ICU,Radiom,22,0.6919008963748381,0.24538341517871343
ICU,Radiom,23,0.6932283464566928,0.23956879360490177
ICU,Radiom,24,0.7182454890788224,0.22029709071504952
ICU,Radiom,25,0.7052217741935485,0.2627479028787527
ICU,Radiom,26,0.6927972929423138,0.24371861535032363
ICU,Radiom,27,0.7224378881987576,0.27501272192121584
ICU,Radiom,28,0.7210805818517663,0.2851722135670173
ICU,Radiom,29,0.6907294016543131,0.25322290041691403
ICU,RadiomClin,0,0.7706200774776162,0.3132775099873344
ICU,RadiomClin,1,0.731579078517854,0.35866331742050117
ICU,RadiomClin,2,0.8064516129032258,0.4081046781993242
ICU,RadiomClin,3,0.7975336965873243,0.504150022935281
ICU,RadiomClin,4,0.7276109936575053,0.3075560481332646
ICU,RadiomClin,5,0.775826965282001,0.3970042824643558
ICU,RadiomClin,6,0.7988724453840732,0.38176950598682285
ICU,RadiomClin,7,0.7463097869089519,0.3986655966799565
ICU,RadiomClin,8,0.7326737405601759,0.39847334248630517
ICU,RadiomClin,9,0.7641474172086417,0.37722157085176894
ICU,RadiomClin,10,0.7684374232626667,0.35497120762112777
ICU,RadiomClin,11,0.822201435938922,0.45859658390035807
ICU,RadiomClin,12,0.7635756901607846,0.3303682281257518
ICU,RadiomClin,13,0.7564476339986544,0.4347286096354348
ICU,RadiomClin,14,0.7826510721247564,0.3625003366728123
ICU,RadiomClin,15,0.7904553064063569,0.5070671119475574
ICU,RadiomClin,16,0.7043269230769231,0.30469586972238455
ICU,RadiomClin,17,0.7128585240090236,0.2763025291541234
ICU,RadiomClin,18,0.7992960628632233,0.4372538556884816
ICU,RadiomClin,19,0.8043561917955824,0.41209594314079123
ICU,RadiomClin,20,0.7760615384615384,0.30665443430952016
ICU,RadiomClin,21,0.7517383403997577,0.42349368937215326
ICU,RadiomClin,22,0.7992543430550781,0.43949876360508594
ICU,RadiomClin,23,0.7511568746214417,0.3106911210854286
ICU,RadiomClin,24,0.7723468660968661,0.3156985312707071
ICU,RadiomClin,25,0.7515725806451613,0.3660343498987013
ICU,RadiomClin,26,0.7465356106993233,0.3423381343517089
ICU,RadiomClin,27,0.786379769299024,0.3762997592842807
ICU,RadiomClin,28,0.7149747299828113,0.3513957235866157
ICU,RadiomClin,29,0.7325169191105382,0.34773894483387363
ICU,RadiomClinLab,0,0.7805485004746145,0.32272141211844546
ICU,RadiomClinLab,1,0.7298597094515461,0.3628966328963174
ICU,RadiomClinLab,2,0.7901188125019594,0.376812535289733
ICU,RadiomClinLab,3,0.7987286110314502,0.5070327743853826
ICU,RadiomClinLab,4,0.7272727272727272,0.31135783055134575
ICU,RadiomClinLab,5,0.7905814537666253,0.40018784062435325
ICU,RadiomClinLab,6,0.782692036645525,0.36300289825638554
ICU,RadiomClinLab,7,0.7338408228970559,0.32215383577803003
ICU,RadiomClinLab,8,0.7419701749354746,0.4304222636617481
ICU,RadiomClinLab,9,0.7558246741920212,0.4022484767938787
ICU,RadiomClinLab,10,0.7666093694578593,0.36502555507529866
ICU,RadiomClinLab,11,0.8261199312367276,0.478604217256867
ICU,RadiomClinLab,12,0.7679492365254322,0.32038225196645587
ICU,RadiomClinLab,13,0.7754105305125714,0.43451896240918797
ICU,RadiomClinLab,14,0.7856897144822841,0.36876705142025373
ICU,RadiomClinLab,15,0.8066539341208648,0.505670798096906
ICU,RadiomClinLab,16,0.7228157644824312,0.31008332882978773
ICU,RadiomClinLab,17,0.7270652057148996,0.28931916707627164
ICU,RadiomClinLab,18,0.7905377752312351,0.4449304175718382
ICU,RadiomClinLab,19,0.8210831473357447,0.4532674277221136
ICU,RadiomClinLab,20,0.7979076923076923,0.3416825449954919
ICU,RadiomClinLab,21,0.7500423985463356,0.42989526216697277
ICU,RadiomClinLab,22,0.8137708559189827,0.4880057257291058
ICU,RadiomClinLab,23,0.7392610539067233,0.28459893105232054
ICU,RadiomClinLab,24,0.7629392212725546,0.2835841700522372
ICU,RadiomClinLab,25,0.7859475806451615,0.34832459178487685
ICU,RadiomClinLab,26,0.7611182726393813,0.32805631818904485
ICU,RadiomClinLab,27,0.8128604702750666,0.4167567059030223
ICU,RadiomClinLab,28,0.7250827368583084,0.32502609643372027
ICU,RadiomClinLab,29,0.7436620474809325,0.3890160425011978
ICU,ClinLab,0,0.8348213140408938,0.43606454181004894
ICU,ClinLab,1,0.7855647753606937,0.46073411471591935
ICU,ClinLab,2,0.8181761183736167,0.366961573453129
ICU,ClinLab,3,0.8214678329031642,0.4821841154477119
ICU,ClinLab,4,0.8311768851303735,0.44614543707371285
ICU,ClinLab,5,0.8745604061450594,0.5373998809073853
ICU,ClinLab,6,0.7952642706131078,0.42002049145342796
ICU,ClinLab,7,0.7860904204523751,0.3730623770350415
ICU,ClinLab,8,0.7770289647261257,0.4476301964040968
ICU,ClinLab,9,0.7901123819491165,0.3647930635791697
ICU,ClinLab,10,0.8089274508198958,0.40347696958089624
ICU,ClinLab,11,0.8509834159166751,0.4788182136689986
ICU,ClinLab,12,0.8095358479118213,0.3867236183361796
ICU,ClinLab,13,0.8269916025018065,0.454337397664473
ICU,ClinLab,14,0.7961816305469557,0.45247761778282686
ICU,ClinLab,15,0.8678644691235764,0.5899340784102695
ICU,ClinLab,16,0.7850783475783476,0.4106653666979222
ICU,ClinLab,17,0.7766408851648942,0.4206379188735326
ICU,ClinLab,18,0.8764290196720418,0.5776407731759571
ICU,ClinLab,19,0.8477641807126914,0.5312465770446327
ICU,ClinLab,20,0.844,0.41860435908682747
ICU,ClinLab,21,0.7911811023622047,0.41771679870505685
ICU,ClinLab,22,0.8587350273671964,0.5250269547665721
ICU,ClinLab,23,0.7895820714718352,0.4373381337726203
ICU,ClinLab,24,0.8110161443494777,0.47183450682916334
ICU,ClinLab,25,0.8721169354838711,0.6048559414218619
ICU,ClinLab,26,0.8499570308303792,0.5106741800240753
ICU,ClinLab,27,0.8595552351375333,0.5036968631566768
ICU,ClinLab,28,0.8415043998050232,0.42181533106886576
ICU,ClinLab,29,0.771766569986035,0.353014696987749
ICU,RScore,0,0.6524154031658074,0.2026369862724647
ICU,RScore,1,0.5711918467020507,0.13073504815652087
ICU,RScore,2,0.6446283582557447,0.15230762720512953
ICU,RScore,3,0.6667861581110792,0.19445691758048278
ICU,RScore,4,0.6881606765327696,0.19128161693379087
ICU,RScore,5,0.6707475078664163,0.15990970759408563
ICU,RScore,6,0.6599577167019027,0.15740792823528305
ICU,RScore,7,0.5678289814739025,0.10847638416802442
ICU,RScore,8,0.6340932989197974,0.18414572227313536
ICU,RScore,9,0.5771473424534649,0.13344350378082082
ICU,RScore,10,0.6593271670622902,0.13487552213868004
ICU,RScore,11,0.6630599656183639,0.16697889344984668
ICU,RScore,12,0.5918065527353625,0.1279991953965855
ICU,RScore,13,0.6500460990256909,0.18616823370565352
ICU,RScore,14,0.6464998280013761,0.17939161180964824
ICU,RScore,15,0.7065501874513687,0.21273660412206175
ICU,RScore,16,0.5970738366571701,0.14617524094497097
ICU,RScore,17,0.6098667955741756,0.14010250476419345
ICU,RScore,18,0.6942375378570843,0.20264406460848267
ICU,RScore,19,0.6236306729264476,0.15389161439161841
ICU,RScore,20,0.6709846153846153,0.14151092030637202
ICU,RScore,21,0.6727195639006662,0.19050011814939732
ICU,RScore,22,0.6455617546735768,0.185039507064783
ICU,RScore,23,0.6680314960629921,0.17906493956645755
ICU,RScore,24,0.5767153371320037,0.12400742571090181
ICU,RScore,25,0.6418447580645161,0.18814031558163347
ICU,RScore,26,0.6372999248039531,0.13685663709628965
ICU,RScore,27,0.64439607364685,0.13176026253846834
ICU,RScore,28,0.6936170758613612,0.16346584599144856
ICU,RScore,29,0.5862740358792566,0.14000471256898
MV,Radiom,0,0.6522077056885895,0.14711857260236408
MV,Radiom,1,0.611939746104593,0.17778288299350195
MV,Radiom,2,0.6526712678936605,0.17981017946145095
MV,Radiom,3,0.6866182268417451,0.19598273228570223
MV,Radiom,4,0.6986696787148594,0.18384259389402552
MV,Radiom,5,0.6562131786458805,0.15248948489556882
MV,Radiom,6,0.6878074724105837,0.2511015827338832
MV,Radiom,7,0.6931022123749633,0.25362719360564956
MV,Radiom,8,0.6686943225634889,0.2551601677032858
MV,Radiom,9,0.6965829012099456,0.2276639212532489
MV,Radiom,10,0.6990670059372349,0.2524372479553263
MV,Radiom,11,0.7187446988973707,0.20827245865859972
MV,Radiom,12,0.6554314585826353,0.17334606759770588
MV,Radiom,13,0.6869807830966488,0.2365794376170688
MV,Radiom,14,0.6269132653061225,0.1896555675664801
MV,Radiom,15,0.6654461538461538,0.2828438487206131
MV,Radiom,16,0.655109231853418,0.19271229267438147
MV,Radiom,17,0.7674958425720622,0.2053573584719356
MV,Radiom,18,0.7042675688509022,0.2789859116738515
MV,Radiom,19,0.6998794434850608,0.21712804062532368
MV,Radiom,20,0.6589951197870452,0.22615484697068539
MV,Radiom,21,0.6977026074700493,0.3121852630767678
MV,Radiom,22,0.7174741780978137,0.28942092776378514
MV,Radiom,23,0.725867570801755,0.3481008615001657
MV,Radiom,24,0.6781697341513292,0.21130233200273452
MV,Radiom,25,0.6735685071574642,0.2127221765277779
MV,Radiom,26,0.6921017402945114,0.277927838276349
MV,Radiom,27,0.7451050927591345,0.13247233100544736
MV,Radiom,28,0.6464949343510064,0.11368467313946044
MV,Radiom,29,0.7402170017268906,0.24265839133352055
MV,RadiomClin,0,0.7688293423146675,0.3838012125575871
MV,RadiomClin,1,0.6926237092416447,0.2844646659889883
MV,RadiomClin,2,0.7660723415132924,0.31277206107132033
MV,RadiomClin,3,0.7508715910201688,0.317789919475003
MV,RadiomClin,4,0.7399598393574298,0.3091414461663761
MV,RadiomClin,5,0.7629233511586453,0.33322120025195
MV,RadiomClin,6,0.7615343704294641,0.307889945446968
MV,RadiomClin,7,0.7587240559121566,0.3201140352315004
MV,RadiomClin,8,0.7131697912511634,0.33064439818688135
MV,RadiomClin,9,0.7889575854274697,0.3648707480141813
MV,RadiomClin,10,0.8499406276505513,0.392622465882827
MV,RadiomClin,11,0.7886344359626802,0.40118222910266454
MV,RadiomClin,12,0.7317843371892035,0.23755357043322564
MV,RadiomClin,13,0.7804319884635882,0.2879908161619248
MV,RadiomClin,14,0.8046251109139309,0.40971444195508544
MV,RadiomClin,15,0.8105538461538462,0.46600097799366935
MV,RadiomClin,16,0.722029598308668,0.3093387578088181
MV,RadiomClin,17,0.841879157427938,0.339234373289308
MV,RadiomClin,18,0.8278133903133903,0.41622568526404985
MV,RadiomClin,19,0.7816949594343618,0.35271066605215956
MV,RadiomClin,20,0.7164208074534162,0.3086058047122028
MV,RadiomClin,21,0.8200986610288936,0.4613845800163537
MV,RadiomClin,22,0.8094229578703854,0.43169501145601386
MV,RadiomClin,23,0.7917165270575721,0.429090719645953
MV,RadiomClin,24,0.7451431492842536,0.23320492676575638
MV,RadiomClin,25,0.7934560327198364,0.3264639363825474
MV,RadiomClin,26,0.8194444444444444,0.4795737033473519
MV,RadiomClin,27,0.8291793000668071,0.370941447748962
MV,RadiomClin,28,0.789060015446822,0.23120944867314855
MV,RadiomClin,29,0.7973347235345867,0.3929340458398076
MV,RadiomClinLab,0,0.7814871016691958,0.3174873231015039
MV,RadiomClinLab,1,0.7222695140456715,0.28172961301814314
MV,RadiomClinLab,2,0.7729422290388548,0.27438048017929306
MV,RadiomClinLab,3,0.7679124173210388,0.29239970707697915
MV,RadiomClinLab,4,0.7655204149933066,0.22998609207782922
MV,RadiomClinLab,5,0.7655820417535273,0.22542870258994363
MV,RadiomClinLab,6,0.7795505916766388,0.2960673135831351
MV,RadiomClinLab,7,0.7825746961649994,0.3392559270494864
MV,RadiomClinLab,8,0.7396622789522671,0.3423566207955093
MV,RadiomClinLab,9,0.8057771572929131,0.33285766707381637
MV,RadiomClinLab,10,0.822086513994911,0.2794986779862635
MV,RadiomClinLab,11,0.8013910093299406,0.3797925862495325
MV,RadiomClinLab,12,0.7544874351814919,0.23188825875361285
MV,RadiomClinLab,13,0.8000250791560863,0.2755162579813691
MV,RadiomClinLab,14,0.7793644631765749,0.31761300431558415
MV,RadiomClinLab,15,0.7941846153846155,0.4264860058052983
MV,RadiomClinLab,16,0.7390274841437632,0.280848760814432
MV,RadiomClinLab,17,0.8566033813747228,0.3141277834288337
MV,RadiomClinLab,18,0.8497447768281101,0.40914808580042344
MV,RadiomClinLab,19,0.8085432211397477,0.3447810308103205
MV,RadiomClinLab,20,0.754159272404614,0.3267204070651346
MV,RadiomClinLab,21,0.8054122621564481,0.39861549977761584
MV,RadiomClinLab,22,0.8142778013098302,0.41152660572564315
MV,RadiomClinLab,23,0.7902539555910119,0.42928969939018585
MV,RadiomClinLab,24,0.7639314928425358,0.22270913727435643
MV,RadiomClinLab,25,0.7880240286298568,0.29018178773022174
MV,RadiomClinLab,26,0.8220799866131192,0.4049500286118551
MV,RadiomClinLab,27,0.819158230124878,0.23722909520840335
MV,RadiomClinLab,28,0.7738403525509971,0.13950970018362752
MV,RadiomClinLab,29,0.8130396533185624,0.330873672892223
MV,ClinLab,0,0.8784929123949814,0.40265173030892193
MV,ClinLab,1,0.7890003330989304,0.2912261776128343
MV,ClinLab,2,0.8507796523517381,0.40236895286358776
MV,ClinLab,3,0.8259098758593724,0.34697095724557125
MV,ClinLab,4,0.8355087014725568,0.30905061907657255
MV,ClinLab,5,0.8400555908033476,0.3253897725619892
MV,ClinLab,6,0.812026326286398,0.3301295345228368
MV,ClinLab,7,0.8303085595125607,0.31667454582005816
MV,ClinLab,8,0.8097327483047467,0.309862142229371
MV,ClinLab,9,0.8600252625980588,0.39763606195216505
MV,ClinLab,10,0.8917726887192536,0.3531430270895197
MV,ClinLab,11,0.8543850720949957,0.3864036886868588
MV,ClinLab,12,0.8240925408855205,0.34815089493000906
MV,ClinLab,13,0.8402457757296466,0.36650037714323946
MV,ClinLab,14,0.8309394409937889,0.382516008975549
MV,ClinLab,15,0.886,0.45071065820149103
MV,ClinLab,16,0.8382241014799154,0.39213989251482884
MV,ClinLab,17,0.9094027161862528,0.46015352484238803
MV,ClinLab,18,0.9063983855650521,0.5293383937197212
MV,ClinLab,19,0.8646508748493043,0.4374040074974513
MV,ClinLab,20,0.8179347826086958,0.3879236554297129
MV,ClinLab,21,0.856631430584919,0.3721782000095893
MV,ClinLab,22,0.8468932260271741,0.4330042814848438
MV,ClinLab,23,0.8495213402473076,0.4217485256325149
MV,ClinLab,24,0.8046395705521472,0.28129387792763294
MV,ClinLab,25,0.8245782208588956,0.31061632245821574
MV,ClinLab,26,0.8522841365461846,0.395646433445214
MV,ClinLab,27,0.8621203556195076,0.2500479695830807
MV,ClinLab,28,0.8465767116441779,0.263737595289145
MV,ClinLab,29,0.8690821413443681,0.3620530474360429
MV,RScore,0,0.4520337540249454,0.053458746585535635
MV,RScore,1,0.4317702357600207,0.0502712897479825
MV,RScore,2,0.4282496165644172,0.05987631611925506
MV,RScore,3,0.4369196181290932,0.05906492560953812
MV,RScore,4,0.41664574966532797,0.0440720749930175
MV,RScore,5,0.4775370857125594,0.06860691590494768
MV,RScore,6,0.47576785001994415,0.0610642179421297
MV,RScore,7,0.40270763415985145,0.05576167464773048
MV,RScore,8,0.42060563754819835,0.058841146300070736
MV,RScore,9,0.4609094535301157,0.06084821683283063
MV,RScore,10,0.3726039016115352,0.05198930226272894
MV,RScore,11,0.426988973706531,0.057958866067786635
MV,RScore,12,0.44028387182555506,0.058486903611472074
MV,RScore,13,0.49844822721715415,0.06848689138160753
MV,RScore,14,0.44005102040816324,0.07556737658956326
MV,RScore,15,0.4426,0.06312476626214565
MV,RScore,16,0.39694150810429885,0.06542849534750063
MV,RScore,17,0.39803907982261644,0.058358938034362456
MV,RScore,18,0.4620874881291548,0.06840746256498284
MV,RScore,19,0.42771496529927344,0.05824513806850606
MV,RScore,20,0.48910270629991126,0.07836391533123273
MV,RScore,21,0.40662438336856943,0.06833013094449046
MV,RScore,22,0.43923299990225145,0.06095475035196544
MV,RScore,23,0.43204028719585164,0.057646892639758716
MV,RScore,24,0.38167816973415136,0.05889445562942988
MV,RScore,25,0.36533422801635995,0.05759090288481083
MV,RScore,26,0.38094042838018743,0.04239404553796868
MV,RScore,27,0.48766637545608715,0.03919282238037207
MV,RScore,28,0.3748125937031484,0.04079877837166484
MV,RScore,29,0.46779186080609947,0.06182805604090661
Death,Radiom,0,0.6635323383084577,0.07584449062269633
Death,Radiom,1,0.6929456579391484,0.11577102555717993
Death,Radiom,2,0.7076160179640718,0.2685511724478401
Death,Radiom,3,0.6458712121212121,0.20310814335591623
Death,Radiom,4,0.7004567717792086,0.12247472706966814
Death,Radiom,5,0.6779896191993422,0.12754335885772602
Death,Radiom,6,0.6784204197214787,0.2017166502809859
Death,Radiom,7,0.6477925889690597,0.15271933464889542
Death,Radiom,8,0.6944983370288249,0.17635244166189487
Death,Radiom,9,0.7547363688908869,0.12188632822504206
Death,Radiom,10,0.7067248972944965,0.1485694019065439
Death,Radiom,11,0.6619413531178236,0.15867122590766913
Death,Radiom,12,0.5564906374921103,0.06620924023773765
Death,Radiom,13,0.6655721393034826,0.06923854581183442
Death,Radiom,14,0.6535994985293408,0.10619802429130325
Death,Radiom,15,0.6375018092343321,0.1721142818996955
Death,Radiom,16,0.6763681592039801,0.11666858331875549
Death,Radiom,17,0.6178962962962963,0.060350822381098915
Death,Radiom,18,0.7335820895522388,0.1474849273662081
Death,Radiom,19,0.5326197020107044,0.05888829241812939
Death,Radiom,20,0.5830676020408163,0.05843600931604302
Death,Radiom,21,0.6143436097843393,0.18686129789954414
Death,Radiom,22,0.6524904768793096,0.07764862407807568
Death,Radiom,23,0.676792516514779,0.07537191394678411
Death,Radiom,24,0.5926073131955484,0.12657047108387104
Death,Radiom,25,0.6779806659505907,0.10236150573088597
Death,Radiom,26,0.5755851851851852,0.12467677485426201
Death,Radiom,27,0.6210039056849415,0.07038584084653793
Death,Radiom,28,0.6578074599064104,0.0762320737681722
Death,Radiom,29,0.6165259073270943,0.07758388924911808
Death,RadiomClin,0,0.8594029850746269,0.39310090709153495
Death,RadiomClin,1,0.8574183904720576,0.3372536609638606
Death,RadiomClin,2,0.8522642215568862,0.33365749911032155
Death,RadiomClin,3,0.7652272727272728,0.2815198332879413
Death,RadiomClin,4,0.8643442848494853,0.2649078018725962
Death,RadiomClin,5,0.758209568837042,0.24445477838527777
Death,RadiomClin,6,0.7829628767601535,0.2965771858415699
Death,RadiomClin,7,0.7835391953039013,0.22607829999905574
Death,RadiomClin,8,0.8123267738359202,0.345757494698658
Death,RadiomClin,9,0.8465095369597327,0.3378403755122005
Death,RadiomClin,10,0.8258632813945742,0.3591338031854746
Death,RadiomClin,11,0.826090796679032,0.2420527754688325
Death,RadiomClin,12,0.8203240058910162,0.255115841383642
Death,RadiomClin,13,0.7778109452736318,0.17948563997107217
Death,RadiomClin,14,0.8536091421958629,0.279388542168366
Death,RadiomClin,15,0.7322333188594587,0.27002103891249984
Death,RadiomClin,16,0.7929850746268657,0.2517236339940041
Death,RadiomClin,17,0.7644444444444445,0.14037167561217614
Death,RadiomClin,18,0.8445273631840797,0.3079238126711568
Death,RadiomClin,19,0.784319398235209,0.21756899188761672
Death,RadiomClin,20,0.8078231292517006,0.1452597054256895
Death,RadiomClin,21,0.7451150673035171,0.2966699688112543
Death,RadiomClin,22,0.7402960605622259,0.13775539502790357
Death,RadiomClin,23,0.7620425285693622,0.20898922340974455
Death,RadiomClin,24,0.7817081787670023,0.18318765495410602
Death,RadiomClin,25,0.7797636949516649,0.24091565407341226
Death,RadiomClin,26,0.8157629629629628,0.19575274776218782
Death,RadiomClin,27,0.7944934664159313,0.2763599885226126
Death,RadiomClin,28,0.8309935941120349,0.3095110010744787
Death,RadiomClin,29,0.8482652362474321,0.3113082669399112
Death,RadiomClinLab,0,0.8811940298507464,0.3118885614316531
Death,RadiomClinLab,1,0.8510535705675297,0.21700398375990837
Death,RadiomClinLab,2,0.914811002994012,0.48370302693662004
Death,RadiomClinLab,3,0.8597727272727274,0.32559982086139666
Death,RadiomClinLab,4,0.8985746519178912,0.31064497502265576
Death,RadiomClinLab,5,0.8346780410093017,0.22595282927519691
Death,RadiomClinLab,6,0.8467745063811629,0.32664679688670756
Death,RadiomClinLab,7,0.8724063429945783,0.34500312598826016
Death,RadiomClinLab,8,0.8836266629711752,0.35037651385930335
Death,RadiomClinLab,9,0.9165114636182647,0.24748162798290532
Death,RadiomClinLab,10,0.8828972204744809,0.32766098632698376
Death,RadiomClinLab,11,0.8877848436671966,0.3131144661809143
Death,RadiomClinLab,12,0.8932603969422821,0.17976855776381265
Death,RadiomClinLab,13,0.8566169154228855,0.1885237642684676
Death,RadiomClinLab,14,0.8709195236028738,0.24192308903498966
Death,RadiomClinLab,15,0.8125633232016212,0.2662545535732122
Death,RadiomClinLab,16,0.8640298507462687,0.18443863185038825
Death,RadiomClinLab,17,0.8363259259259259,0.16849549420161666
Death,RadiomClinLab,18,0.8780597014925373,0.3066352747475606
Death,RadiomClinLab,19,0.7977723130334153,0.13861475011947835
Death,RadiomClinLab,20,0.8497023809523809,0.18690184366869722
Death,RadiomClinLab,21,0.8507743522941091,0.3465984683526362
Death,RadiomClinLab,22,0.8554414388350451,0.19906108658241115
Death,RadiomClinLab,23,0.875259173537779,0.21625589940107526
Death,RadiomClinLab,24,0.8192898781134075,0.21746465427228803
Death,RadiomClinLab,25,0.8775080558539204,0.24826706449005206
Death,RadiomClinLab,26,0.8589629629629629,0.2244957578669469
Death,RadiomClinLab,27,0.8567433338155166,0.2633807948363752
Death,RadiomClinLab,28,0.9020944073417836,0.33438330025821406
Death,RadiomClinLab,29,0.8594498972837252,0.21780013848098606
Death,ClinLab,0,0.9157213930348259,0.40326411762299386
Death,ClinLab,1,0.8294035392256136,0.2824199817897875
Death,ClinLab,2,0.9389034431137724,0.42667403751009814
Death,ClinLab,3,0.919280303030303,0.4579733442482831
Death,ClinLab,4,0.8940619668702877,0.3399553807214446
Death,ClinLab,5,0.8787193586515236,0.2465152677671605
Death,ClinLab,6,0.9045346987858335,0.4226379881918922
Death,ClinLab,7,0.8616852146263911,0.3213992401894174
Death,ClinLab,8,0.8981083702882483,0.373375077314363
Death,ClinLab,9,0.9367413782030698,0.3069077300458969
Death,ClinLab,10,0.9252748066175654,0.40586573644671553
Death,ClinLab,11,0.9045221692280516,0.2648214069362202
Death,ClinLab,12,0.9320429202608878,0.19454688052888217
Death,ClinLab,13,0.877363184079602,0.28805312740406064
Death,ClinLab,14,0.9407878875548483,0.4223663580589596
Death,ClinLab,15,0.8186785352438848,0.261689515126758
Death,ClinLab,16,0.9232835820895523,0.23341894619172954
Death,ClinLab,17,0.8448,0.2656823873504804
Death,ClinLab,18,0.8601492537313433,0.3309180726222253
Death,ClinLab,19,0.88437243840108,0.29661421412624556
Death,ClinLab,20,0.8770727040816327,0.2566795134777209
Death,ClinLab,21,0.9204660587639311,0.39505731412168665
Death,ClinLab,22,0.897487824871016,0.3269874038112988
Death,ClinLab,23,0.9366893292829934,0.37716526780341786
Death,ClinLab,24,0.8576664900194311,0.2901275904106828
Death,ClinLab,25,0.9011385606874329,0.2654345464606485
Death,ClinLab,26,0.898962962962963,0.27945003262323465
Death,ClinLab,27,0.9039008631081537,0.3393428663032632
Death,ClinLab,28,0.8945527236381808,0.3519127786852703
Death,ClinLab,29,0.8607053184204521,0.27970500381527336
Death,RScore,0,0.7019154228855721,0.08516226527926733
Death,RScore,1,0.637229374608226,0.06712011036071222
Death,RScore,2,0.7021659805389221,0.08216918325631689
Death,RScore,3,0.759090909090909,0.13209130937636065
Death,RScore,4,0.7184799955973804,0.07540673613182627
Death,RScore,5,0.6974150778560049,0.08728280194610652
Death,RScore,6,0.7031692462857365,0.10497543652787966
Death,RScore,7,0.683991683991684,0.10074570363647739
Death,RScore,8,0.7014620288248337,0.12370742230888979
Death,RScore,9,0.7652045469141352,0.07469183342256105
Death,RScore,10,0.7506014286243015,0.1267170898479708
Death,RScore,11,0.7323131955484897,0.10654828914735856
Death,RScore,12,0.8039483834771022,0.08015187175177142
Death,RScore,13,0.6007213930348259,0.06020528964688143
Death,RScore,14,0.7138241959593037,0.09050641098781875
Death,RScore,15,0.6718048921696338,0.10540347209411957
Death,RScore,16,0.7446517412935324,0.11297206254493102
Death,RScore,17,0.6354666666666666,0.05348820511191244
Death,RScore,18,0.6072388059701492,0.0610288656559157
Death,RScore,19,0.6935966054293843,0.1029332033451894
Death,RScore,20,0.6145036139455782,0.05550746361360716
Death,RScore,21,0.7388370241713706,0.11686776795933793
Death,RScore,22,0.6350113313081633,0.07893296046045992
Death,RScore,23,0.720671199189932,0.08584430244624847
Death,RScore,24,0.6880630630630631,0.10288433014409676
Death,RScore,25,0.7371858216970998,0.10515759301244545
Death,RScore,26,0.7127703703703703,0.07056100681267324
Death,RScore,27,0.7658758860118617,0.11413265697158427
Death,RScore,28,0.6879514788060516,0.08426960972656453
Death,RScore,29,0.666057977630678,0.07302829939324192
