task,data,fe,model,cv_auroc
ICU,Radiom,none,LR,0.7629751851063326
ICU,Radiom,none,RF,0.7284614292811015
ICU,Radiom,none,SVM,0.7441688548245926
ICU,Radiom,none,MLP,0.7258100126952586
ICU,Radiom,none,LightGBM,0.7130161884260245
ICU,Radiom,smoteenn,LR,0.7545359922409102
ICU,Radiom,smoteenn,RF,0.7047504711439139
ICU,Radiom,smoteenn,SVM,0.7289069461200609
ICU,Radiom,smoteenn,MLP,0.736236289514978
ICU,Radiom,smoteenn,LightGBM,0.7167301429596512
ICU,Radiom,smoteenn_lasso,LR,0.7480208012994898
ICU,Radiom,smoteenn_lasso,RF,0.7051388198929183
ICU,Radiom,smoteenn_lasso,SVM,0.7213371024846434
ICU,Radiom,smoteenn_lasso,MLP,0.7377128032865737
ICU,Radiom,smoteenn_lasso,LightGBM,0.7189123869451738
ICU,RadiomClin,none,LR,0.8321091476829183
ICU,RadiomClin,none,RF,0.7912793035743855
ICU,RadiomClin,none,SVM,0.7978063223964863
ICU,RadiomClin,none,MLP,0.7925054605382474
ICU,RadiomClin,none,LightGBM,0.7722048746638911
ICU,RadiomClin,smoteenn,LR,0.8399549752008769
ICU,RadiomClin,smoteenn,RF,0.7452589911606305
ICU,RadiomClin,smoteenn,SVM,0.7781267002578479
ICU,RadiomClin,smoteenn,MLP,0.8086741734282717
ICU,RadiomClin,smoteenn,LightGBM,0.7622044015486639
ICU,RadiomClin,smoteenn_lasso,LR,0.8434678557629377
ICU,RadiomClin,smoteenn_lasso,RF,0.7594149930215505
ICU,RadiomClin,smoteenn_lasso,SVM,0.8123684148274313
ICU,RadiomClin,smoteenn_lasso,MLP,0.8260020186249695
ICU,RadiomClin,smoteenn_lasso,LightGBM,0.7624803854312051
ICU,RadiomClinLab,none,LR,0.8232066961575158
ICU,RadiomClinLab,none,RF,0.8175943667746947
ICU,RadiomClinLab,none,SVM,0.8122580212744147
ICU,RadiomClinLab,none,MLP,0.787892587072915
ICU,RadiomClinLab,none,LightGBM,0.7883183907774072
ICU,RadiomClinLab,smoteenn,LR,0.8385770271016172
ICU,RadiomClinLab,smoteenn,RF,0.7854521010258715
ICU,RadiomClinLab,smoteenn,SVM,0.8157571026423486
ICU,RadiomClinLab,smoteenn,MLP,0.8306799454340439
ICU,RadiomClinLab,smoteenn,LightGBM,0.7766935553820798
ICU,RadiomClinLab,smoteenn_lasso,LR,0.8279753033851395
ICU,RadiomClinLab,smoteenn_lasso,RF,0.786816249931004
ICU,RadiomClinLab,smoteenn_lasso,SVM,0.8207248125280913
ICU,RadiomClinLab,smoteenn_lasso,MLP,0.823305261829852
ICU,RadiomClinLab,smoteenn_lasso,LightGBM,0.7745803073671925
ICU,ClinLab,none,LR,0.820669615751583
ICU,ClinLab,none,RF,0.836292274816865
ICU,ClinLab,none,SVM,0.801198952838297
ICU,ClinLab,none,MLP,0.7990107949124342
ICU,ClinLab,none,LightGBM,0.7999885663820091
ICU,ClinLab,smoteenn,LR,0.812177197423099
ICU,ClinLab,smoteenn,RF,0.8262996869554247
ICU,ClinLab,smoteenn,SVM,0.7953934347376971
ICU,ClinLab,smoteenn,MLP,0.793897207831634
ICU,ClinLab,smoteenn,LightGBM,0.8184321749895519
ICU,ClinLab,smoteenn_lasso,LR,0.811970209511193
ICU,ClinLab,smoteenn_lasso,RF,0.8298598790402069
ICU,ClinLab,smoteenn_lasso,SVM,0.7940273145191178
ICU,ClinLab,smoteenn_lasso,MLP,0.8052401454040798
ICU,ClinLab,smoteenn_lasso,LightGBM,0.8228203187219582
ICU,RScore,none,LR,0.6861531000875263
ICU,RScore,none,RF,0.6859165424739194
ICU,RScore,none,SVM,0.6775838005346202
ICU,RScore,none,MLP,0.6581210228751212
ICU,RScore,none,LightGBM,0.6757741347905282
ICU,RScore,smoteenn,LR,0.4543088969318478
ICU,RScore,smoteenn,RF,0.5
ICU,RScore,smoteenn,SVM,0.49295058311451756
ICU,RScore,smoteenn,MLP,0.5026356460782689
ICU,RScore,smoteenn,LightGBM,0.5853539296162247
MV,Radiom,none,LR,0.7569831733441417
MV,Radiom,none,RF,0.7081982275489246
MV,Radiom,none,SVM,0.69785173251791
MV,Radiom,none,MLP,0.6837299714225612
MV,Radiom,none,LightGBM,0.7106658320891629
MV,Radiom,smoteenn,LR,0.7562747230758969
MV,Radiom,smoteenn,RF,0.7278494921561687
MV,Radiom,smoteenn,SVM,0.6880371096255176
MV,Radiom,smoteenn,MLP,0.7057060388865231
MV,Radiom,smoteenn,LightGBM,0.6958548604733491
MV,Radiom,smoteenn_lasso,LR,0.7544262108642154
MV,Radiom,smoteenn_lasso,RF,0.692578545201436
MV,Radiom,smoteenn_lasso,SVM,0.7000843983602604
MV,Radiom,smoteenn_lasso,MLP,0.7477271444622876
MV,Radiom,smoteenn_lasso,LightGBM,0.6917221626502625
MV,RadiomClin,none,LR,0.8076132109514355
MV,RadiomClin,none,RF,0.7720536677800066
MV,RadiomClin,none,SVM,0.7782176554186826
MV,RadiomClin,none,MLP,0.7298876227709683
MV,RadiomClin,none,LightGBM,0.7434364669324317
MV,RadiomClin,smoteenn,LR,0.8088244599616573
MV,RadiomClin,smoteenn,RF,0.7798299462826241
MV,RadiomClin,smoteenn,SVM,0.7638774162985461
MV,RadiomClin,smoteenn,MLP,0.7868674184704999
MV,RadiomClin,smoteenn,LightGBM,0.7893638826324079
MV,RadiomClin,smoteenn_lasso,LR,0.8195121398532991
MV,RadiomClin,smoteenn_lasso,RF,0.756084463347853
MV,RadiomClin,smoteenn_lasso,SVM,0.760972641933757
MV,RadiomClin,smoteenn_lasso,MLP,0.759872555910707
MV,RadiomClin,smoteenn_lasso,LightGBM,0.7652263363928808
MV,RadiomClinLab,none,LR,0.8084492848799525
MV,RadiomClinLab,none,RF,0.7549627860522946
MV,RadiomClinLab,none,SVM,0.7709360522089795
MV,RadiomClinLab,none,MLP,0.7035941559052343
MV,RadiomClinLab,none,LightGBM,0.7353495733906591
MV,RadiomClinLab,smoteenn,LR,0.8048544448947971
MV,RadiomClinLab,smoteenn,RF,0.7818864615453024
MV,RadiomClinLab,smoteenn,SVM,0.7761739666545241
MV,RadiomClinLab,smoteenn,MLP,0.7859000867071299
MV,RadiomClinLab,smoteenn,LightGBM,0.7448702556919725
MV,RadiomClinLab,smoteenn_lasso,LR,0.7935049176795325
MV,RadiomClinLab,smoteenn_lasso,RF,0.7873563218390803
MV,RadiomClinLab,smoteenn_lasso,SVM,0.775224591989082
MV,RadiomClinLab,smoteenn_lasso,MLP,0.796544584053755
MV,RadiomClinLab,smoteenn_lasso,LightGBM,0.7526824483904454
MV,ClinLab,none,LR,0.845808813343663
MV,ClinLab,none,RF,0.8050582793337746
MV,ClinLab,none,SVM,0.6765990795704662
MV,ClinLab,none,MLP,0.7770459547788969
MV,ClinLab,none,LightGBM,0.7533962430330735
MV,ClinLab,smoteenn,LR,0.8314925170207635
MV,ClinLab,smoteenn,RF,0.7763971477287691
MV,ClinLab,smoteenn,SVM,0.6951722769771193
MV,ClinLab,smoteenn,MLP,0.7306007760886705
MV,ClinLab,smoteenn,LightGBM,0.7415462686005606
MV,ClinLab,smoteenn_lasso,LR,0.8318948415243352
MV,ClinLab,smoteenn_lasso,RF,0.7985106725018684
MV,ClinLab,smoteenn_lasso,SVM,0.7280724594554382
MV,ClinLab,smoteenn_lasso,MLP,0.7754809081845032
MV,ClinLab,smoteenn_lasso,LightGBM,0.7655337448074059
MV,RScore,none,LR,0.6595399434265905
MV,RScore,none,RF,0.5631650539482528
MV,RScore,none,SVM,0.5848215278240957
MV,RScore,none,MLP,0.5197678788562867
MV,RScore,none,LightGBM,0.5631650539482528
MV,RScore,smoteenn,LR,0.6182249365943423
MV,RScore,smoteenn,RF,0.5
MV,RScore,smoteenn,SVM,0.550681664263836
MV,RScore,smoteenn,MLP,0.6195510896538042
MV,RScore,smoteenn,LightGBM,0.6813625204582653
Death,Radiom,none,LR,0.6366877660029338
Death,Radiom,none,RF,0.6918476267769161
Death,Radiom,none,SVM,0.6113638755681856
Death,Radiom,none,MLP,0.5897082765970043
Death,Radiom,none,LightGBM,0.5695647830205434
Death,Radiom,smoteenn,LR,0.7115777468605898
Death,Radiom,smoteenn,RF,0.6863645333806959
Death,Radiom,smoteenn,SVM,0.6617501348515646
Death,Radiom,smoteenn,MLP,0.6366783510613805
Death,Radiom,smoteenn,LightGBM,0.6757263894644748
Death,Radiom,smoteenn_lasso,LR,0.7031331198731738
Death,Radiom,smoteenn_lasso,RF,0.7449300334168755
Death,Radiom,smoteenn_lasso,SVM,0.6821252606582072
Death,Radiom,smoteenn_lasso,MLP,0.6965969714312027
Death,Radiom,smoteenn_lasso,LightGBM,0.7370947052671047
Death,RadiomClin,none,LR,0.8127312210973628
Death,RadiomClin,none,RF,0.8039746676402292
Death,RadiomClin,none,SVM,0.7778082427196601
Death,RadiomClin,none,MLP,0.711807693446214
Death,RadiomClin,none,LightGBM,0.7336325969122282
Death,RadiomClin,smoteenn,LR,0.8286265203691645
Death,RadiomClin,smoteenn,RF,0.8389955367421177
Death,RadiomClin,smoteenn,SVM,0.8011755931824313
Death,RadiomClin,smoteenn,MLP,0.7915663502588494
Death,RadiomClin,smoteenn,LightGBM,0.8446752544089883
Death,RadiomClin,smoteenn_lasso,LR,0.8392745314730395
Death,RadiomClin,smoteenn_lasso,RF,0.8308437802182622
Death,RadiomClin,smoteenn_lasso,SVM,0.8000906136732908
Death,RadiomClin,smoteenn_lasso,MLP,0.8365660706885324
Death,RadiomClin,smoteenn_lasso,LightGBM,0.8257117531361211
Death,RadiomClinLab,none,LR,0.848063646649432
Death,RadiomClinLab,none,RF,0.8508332428841131
Death,RadiomClinLab,none,SVM,0.8433153092705518
Death,RadiomClinLab,none,MLP,0.7222909225162644
Death,RadiomClinLab,none,LightGBM,0.8417588837579513
Death,RadiomClinLab,smoteenn,LR,0.8655114245587722
Death,RadiomClinLab,smoteenn,RF,0.8861080276149691
Death,RadiomClinLab,smoteenn,SVM,0.8466065508258837
Death,RadiomClinLab,smoteenn,MLP,0.8170336438208382
Death,RadiomClinLab,smoteenn,LightGBM,0.8637017001164328
Death,RadiomClinLab,smoteenn_lasso,LR,0.8706200376268756
Death,RadiomClinLab,smoteenn_lasso,RF,0.9185843134739736
Death,RadiomClinLab,smoteenn_lasso,SVM,0.8419913382537709
Death,RadiomClinLab,smoteenn_lasso,MLP,0.824844468454601
Death,RadiomClinLab,smoteenn_lasso,LightGBM,0.9094308523934508
Death,ClinLab,none,LR,0.9053480157085628
Death,ClinLab,none,RF,0.8949339391786554
Death,ClinLab,none,SVM,0.8495775199152736
Death,ClinLab,none,MLP,0.8978263407863492
Death,ClinLab,none,LightGBM,0.8695389638795151
Death,ClinLab,smoteenn,LR,0.9058258342707162
Death,ClinLab,smoteenn,RF,0.8980940704780324
Death,ClinLab,smoteenn,SVM,0.8614741825035029
Death,ClinLab,smoteenn,MLP,0.8841461018030641
Death,ClinLab,smoteenn,LightGBM,0.9098163305244739
Death,ClinLab,smoteenn_lasso,LR,0.905950818647669
Death,ClinLab,smoteenn_lasso,RF,0.9000938205092783
Death,ClinLab,smoteenn_lasso,SVM,0.8745975420835554
Death,ClinLab,smoteenn_lasso,MLP,0.8781468517093257
Death,ClinLab,smoteenn_lasso,LightGBM,0.9081915336240863
Death,RScore,none,LR,0.6296539001703735
Death,RScore,none,RF,0.5836792193738941
Death,RScore,none,SVM,0.5618562893454108
Death,RScore,none,MLP,0.5948128194502003
Death,RScore,none,LightGBM,0.5836792193738941
Death,RScore,smoteenn,LR,0.507943373854584
Death,RScore,smoteenn,RF,0.5
Death,RScore,smoteenn,SVM,0.45527845203560086
Death,RScore,smoteenn,MLP,0.6035649326728896
Death,RScore,smoteenn,LightGBM,0.5086887576552931
