task,data,AUROC_mean,AUROC_lo,AUROC_hi,AUPRC_mean
Death,ClinLab,0.8945692426290958,0.8264541631306381,0.9394216653350682,0.32356537092353704
Death,RScore,0.6997073113653653,0.6054465174129353,0.7763458228148028,0.09068311843068422
Death,Radiom,0.6524786852141837,0.5499261302347237,0.739399516370367,0.12154964730133716
Death,RadiomClin,0.8036892265435028,0.7380788065939649,0.8607618425127129,0.26232143993397194
Death,RadiomClinLab,0.864828629835917,0.8084957954053645,0.9152786296656815,0.2638113279427238
ICU,ClinLab,0.8216691578812263,0.7753004484907079,0.8750742748649796,0.45685106963116
ICU,RScore,0.6404166856167353,0.5702670587643099,0.6976235164955125,0.16153718707020703
ICU,Radiom,0.7167217631808338,0.6732727711604308,0.7721531373979178,0.2805519891543767
ICU,RadiomClin,0.7646256550165268,0.710512333752696,0.8107828142380422,0.37677698674506044
ICU,RadiomClinLab,0.7704654820706729,0.7244593194549421,0.822468262908515,0.38014506888628635
MV,ClinLab,0.8469404491739934,0.8003387802525126,0.9072245764858823,0.36722236254969853
MV,RScore,0.4311376568033791,0.37060474137286203,0.49167272455215305,0.05879714716620981
MV,Radiom,0.6853179550490973,0.6227955475257019,0.7512625489576896,0.22095090615288868
MV,RadiomClin,0.778477668278376,0.7075196186985457,0.8440960617391566,0.3514129080307528
MV,RadiomClinLab,0.7877637819386744,0.734419042366788,0.8516308930784285,0.3127751844116859
