task,data,AUROC,AUPRC,ACC
ICU,Radiom,0.7108673706038035,0.2586651147154631,0.6557142857142857
ICU,RadiomClin,0.7627895555373659,0.3532067317276129,0.6457142857142857
ICU,RadiomClinLab,0.771384136858476,0.3608157474693504,0.6414285714285715
ICU,ClinLab,0.8299227851900358,0.4565136984573327,0.9157142857142857
ICU,RScore,0.6372813838640146,0.149593218084127,0.7528571428571429
MV,Radiom,0.6728753180661577,0.19305100856582286,0.8228571428571428
MV,RadiomClin,0.7743511450381679,0.30403810469740933,0.8671428571428571
MV,RadiomClinLab,0.7816793893129771,0.27242827280952214,0.89
MV,ClinLab,0.8480746395250212,0.34610810697004946,0.8014285714285714
MV,RScore,0.42956743002544534,0.055892180982839525,0.9357142857142857
Death,Radiom,0.6538173652694611,0.12265144756866218,0.91
Death,RadiomClin,0.7983252245508982,0.24889091890514775,0.9357142857142857
Death,RadiomClinLab,0.8597492514970061,0.25468066386372235,0.9342857142857143
Death,ClinLab,0.8886601796407185,0.2909973215567938,0.9328571428571428
Death,RScore,0.7094872754491018,0.08957683217541068,0.5057142857142857
