task,feature,perm_importance_auroc
ICU,clin_age,0.05370931216065052
ICU,lab_neutrophil,0.028004692914245278
ICU,rad_059,0.021404600147335796
ICU,rad_006,0.016370631087828526
ICU,rad_076,0.012970996698589499
ICU,rad_044,0.01141578674524577
ICU,lab_lymphocyte,0.010709121169954528
ICU,rad_034,0.010616354260456784
ICU,rad_021,0.01034078197047834
ICU,rad_066,0.010278027884641683
MV,clin_age,0.0779949109414758
MV,lab_neutrophil,0.027521628498727767
MV,rad_078,0.026520780322307015
MV,clin_dyspnea,0.02324681933842242
MV,rad_010,0.01717726887192539
MV,rad_000,0.01607463952502123
MV,lab_lymphocyte,0.01491094147582699
MV,rad_032,0.010412213740458042
MV,rad_071,0.010273112807463925
MV,rad_050,0.01006615776081422
Death,lab_d_dimer,0.058773858532934244
Death,clin_age,0.047625842065868375
Death,lab_crp,0.026038547904191734
Death,clin_dyspnea,0.01809038173652704
Death,clin_hypertension,0.0076557821856288455
Death,lab_neutrophil,0.006549401197604876
Death,rad_005,0.006193862275449191
Death,lab_lymphocyte,0.004582241766467221
Death,rad_003,0.004247754491018085
Death,rad_088,0.0030314371257485926
